property_id,contract_id,llm_answer,,,,,,,correct?,complete?,coherent?,notes,explanation,reasons,error,,,,,,,,,,,,,,,,,,,,,,,,,,,,,,,,,
cancel-not-revert,2,TRUE,,,,,,,1,1,1,ok,,,,,,,,,,,,,,,,,,,,,,,,,,,,,,,,,,,,
cancel-not-revert,9,FALSE,,,,,,,1,1,1,ok,,,,,,,,,,,,,,,,,,,,,,,,,,,,,,,,,,,,
cancel-revert,6,TRUE,,,,,,,,,,,,,,,,,,,,,,,,,,,,,,,,,,,,,,,,,,,,,,
cancel-revert,4,TRUE,,,,,,,,,,,,,,,,,,,,,,,,,,,,,,,,,,,,,,,,,,,,,,
cancel-revert,5,FALSE,,,,,,,,,,,,,,,,,,,,,,,,,,,,,,,,,,,,,,,,,,,,,,
cancel-revert,9,FALSE,,,,,,,,,,,,,,,,,,,,,,,,,,,,,,,,,,,,,,,,,,,,,,
finalize-assets-transfer,8,FALSE,,,,,,,1,1,1,ok,,,,,,,,,,,,,,,,,,,,,,,,,,,,,,,,,,,,
finalize-assets-transfer,10,FALSE,,,,,,,1,1,1,ok,,,,,,,,,,,,,,,,,,,,,,,,,,,,,,,,,,,,
finalize-assets-transfer-receive,2,TRUE,,,,,,,1,1,1,ok,,,,,,,,,,,,,,,,,,,,,,,,,,,,,,,,,,,,
finalize-assets-transfer-receive,10,FALSE,,,,,,,1,1,1,ok,,,,,,,,,,,,,,,,,,,,,,,,,,,,,,,,,,,,
finalize-before-deadline-revert,1,TRUE,,,,,,,,,,,,,,,,,,,,,,,,,,,,,,,,,,,,,,,,,,,,,,
finalize-before-deadline-revert,11,TRUE,,,,,,,,,,,,,,,,,,,,,,,,,,,,,,,,,,,,,,,,,,,,,,
finalize-before-deadline-revert,3,FALSE,,,,,,,,,,,,,,,,,,,,,,,,,,,,,,,,,,,,,,,,,,,,,,
finalize-before-deadline-revert,7,FALSE,,,,,,,,,,,,,,,,,,,,,,,,,,,,,,,,,,,,,,,,,,,,,,
finalize-not-revert,6,FALSE,,,,,,,,,,,,,,,,,,,,,,,,,,,,,,,,,,,,,,,,,,,,,,
finalize-not-revert,5,FALSE,,,,,,,,,,,,,,,,,,,,,,,,,,,,,,,,,,,,,,,,,,,,,,
finalize-not-revert-eoa,1,TRUE,,,,,,,1,1,1,ok,,,,,,,,,,,,,,,,,,,,,,,,,,,,,,,,,,,,
finalize-not-revert-eoa,4,TRUE,,,,,,,1,1,1,ok,,,,,,,,,,,,,,,,,,,,,,,,,,,,,,,,,,,,
finalize-not-revert-eoa,10,FALSE,,,,,,,1,1,1,ok,,,,,,,,,,,,,,,,,,,,,,,,,,,,,,,,,,,,
finalize-not-revert-eoa,7,FALSE,,,,,,,1,1,1,ok,,,,,,,,,,,,,,,,,,,,,,,,,,,,,,,,,,,,
finalize-or-cancel-twice-revert,4,FALSE,,,,,,,1,1,0,here,the,LLM,misinterprets,the,property:,a,`finalize()`,or,`cancel()`,transaction,reverts,if,performed,immediately,after,another,`finalize()`,or,`cancel()`.,It,considers,also,the,case,where,there,are,other,(internal),transactions,between,`finalize,and,`cancel`.,ambiguity,
finalize-or-cancel-twice-revert,2,FALSE,,,,,,,1,1,0,here,the,LLM,misinterprets,the,property:,a,`finalize()`,or,`cancel()`,transaction,reverts,if,performed,immediately,after,another,`finalize()`,or,`cancel()`.,It,considers,also,the,case,where,the,first,transaction,reverts,ambiguity,,,,,,
finalize-revert,6,TRUE,,,,,,,,,,,,,,,,,,,,,,,,,,,,,,,,,,,,,,,,,,,,,,
finalize-revert,1,TRUE,,,,,,,,,,,,,,,,,,,,,,,,,,,,,,,,,,,,,,,,,,,,,,
finalize-revert,3,FALSE,,,,,,,==,REQ,and,msg.sender,==,owner,,it,does,not,check,wait_time,or,request_time,at,all.,Thus,it,will,not,revert,merely,because,wait_time,blocks,have,not,passed.,See,finalize(),and,the,absence,of,any,wait_time/request_time,comparison.,"- Deploy Vault with recovery â‰  owner and wait_time_ = 10, and fund the contract.
- Owner calls withdraw(receiver = an EOA, amount = 1 ether). This sets state = REQ and request_time = current block N.
- Before block N+10 (e.g., in block N or N+1), owner calls finalize(). It passes the requires and transfers 1 ether to receiver, not reverting despite wait_time not having elapsed.",18.37,20000
finalize-revert,7,FALSE,,,,,,,,,,,,,,,,,,,,,,,,,,,,,,,,,,,,,,,,,,,,,,
finalize-sent-eq-amount,8,TRUE,,,,,,,1,0,1,"the explanation does not detect the actual reason why the property holds, i.e. the use of `transfer` instead of a low-level call",,,,,,,,,,,,,,,,,,,,,,,,,,,,,,,,,,,,
finalize-sent-eq-amount,5,FALSE,,,,,,,1,1,1,ok,,,,,,,,,,,,,,,,,,,,,,,,,,,,,,,,,,,,
finalize-sent-leq-amount,1,FALSE,,,,,,,1,1,0,"the explanation is correct, but it assumes that amount mentioned in the property is the one after the transaction, while (perhaps) ambiguously the ground truth refers to the amount before the call to finalize",ambiguity,,,,,,,,,,,,,,,,,,,,,,,,,,,,,,,,,,,
finalize-sent-leq-amount,3,FALSE,,,,,,,1,1,0,"Which ""amount"" do we have to consider? The one given by the user or the final one?",ambiguity,,,,,,,,,,,,,,,,,,,,,,,,,,,,,,,,,,,
finalize-sent-leq-amount,8,TRUE,,,,,,,1,1,1,,,,,,,,,,,,,,,,,,,,,,,,,,,,,,,,,,,,,
finalize-sent-leq-amount,11,FALSE,,,,,,,1,1,1,,,,,,,,,,,,,,,,,,,,,,,,,,,,,,,,,,,,,
keys-distinct,3,TRUE,,,,,,,recovery,via,require(msg.sender,!=,recovery_),and,sets,these,addresses,once.,No,function,ever,modifies,owner,or,recovery,thereafter.,Hence,they,remain,distinct,in,all,states.,N/A,6.88,20000,,,,,,,,,,,,
keys-distinct,2,FALSE,,,,,,,,,,,,,,,,,,,,,,,,,,,,,,,,,,,,,,,,,,,,,,
keys-invariant-inter,3,TRUE,,,,,,,,,,,,,,,,,,,,,,,,,,,,,,,,,,,,,,,,,,,,,,
keys-invariant-inter,1,TRUE,,,,,,,,,,,,,,,,,,,,,,,,,,,,,,,,,,,,,,,,,,,,,,
keys-invariant-intra,6,TRUE,,,,,,,,,,,,,,,,,,,,,,,,,,,,,,,,,,,,,,,,,,,,,,
keys-invariant-intra,9,FALSE,,,,,,,,,,,,,,,,,,,,,,,,,,,,,,,,,,,,,,,,,,,,,,
okey-rkey-private-withdraw,1,TRUE,,,,,,,1,0,1,"ok, but the explanation does not mention the assumption that `wait_time` is small enough to avoid overflows, which is necessary for the property to hold.",overflow,,,,,,,,,,,,,,,,,,,,,,,,,,,,,,,,,,,
okey-rkey-private-withdraw,6,TRUE,,,,,,,1,0,1,as,in,v1,overflow,,,,,,,,,,,,,,,,,,,,,,,,,,,,,,,,,
okey-rkey-private-withdraw,3,FALSE,,,,,,,1,1,1,ok,,,,,,,,,,,,,,,,,,,,,,,,,,,,,,,,,,,,
okey-rkey-private-withdraw,11,TRUE,,,,,,,1,0,1,as,in,v1,overflow,,,,,,,,,,,,,,,,,,,,,,,,,,,,,,,,,
okey-rkey-private-withdraw,10,FALSE,,,,,,,1,1,1,ok,,,,,,,,,,,,,,,,,,,,,,,,,,,,,,,,,,,,
okey-rkey-private-withdraw,9,FALSE,,,,,,,1,1,1,ok,,,,,,,,,,,,,,,,,,,,,,,,,,,,,,,,,,,,
okey-rkey-private-withdraw,5,FALSE,,,,,,,1,1,1,ok,,,,,,,,,,,,,,,,,,,,,,,,,,,,,,,,,,,,
okey-rkey-private-withdraw,7,FALSE,,,,,,,1,0,1,the,cex,does,not,mention,that,the,recovery,key,can,disable,the,`finalize`,by,firing,a,`cancel`,,,,,,,,,,,,,,,,,,,,
receive-not-revert,2,TRUE,,,,,,,,,,,,,,,,,,,,,,,,,,,,,,,,,,,,,,,,,,,,,,
receive-not-revert,6,TRUE,,,,,,,,,,,,,,,,,,,,,,,,,,,,,,,,,,,,,,,,,,,,,,
rkey-no-withdraw,2,FALSE,,,,,,,1,1,0,"here the LLM property does not consider an implicit assumption we used when thinking to the property (""if some user knows the recovery key, they can always prevent other users from withdrawing funds from the contract""). The assumption is that the cancel window is wide enough to allow the adversary to fire cancel, and that the validator is not colluding with the owner.",ambiguity,,,,,,,,,,,,,,,,,,,,,,,,,,,,,,,,,,,
rkey-no-withdraw,3,FALSE,,,,,,,1,1,1,ok.,A,better,attack,would,have,been,possible:,O,is,contract,with,a,function,wd-fin,that,atomically,fires,withdraw,and,finalize,,,,,,,,,,,,,,,,
state-idle-req-inter,9,TRUE,,,,,,,,,,,,,,,,,,,,,,,,,,,,,,,,,,,,,,,,,,,,,,
state-idle-req-inter,6,TRUE,,,,,,,,,,,,,,,,,,,,,,,,,,,,,,,,,,,,,,,,,,,,,,
state-idle-req-intra,7,TRUE,,,,,,,,,,,,,,,,,,,,,,,,,,,,,,,,,,,,,,,,,,,,,,
state-idle-req-intra,3,TRUE,,,,,,,,,,,,,,,,,,,,,,,,,,,,,,,,,,,,,,,,,,,,,,
state-req-amount-consistent,4,TRUE,,,,,,,1,1,1,ok,,,,,,,,,,,,,,,,,,,,,,,,,,,,,,,,,,,,
state-req-amount-consistent,6,FALSE,,,,,,,1,1,1,ok,,,,,,,,,,,,,,,,,,,,,,,,,,,,,,,,,,,,
state-update,10,FALSE,,,,,,,,,,,,,,,,,,,,,,,,,,,,,,,,,,,,,,,,,,,,,,
state-update,7,FALSE,,,,,,,,,,,,,,,,,,,,,,,,,,,,,,,,,,,,,,,,,,,,,,
state-update-receive,8,FALSE,,,,,,,1,1,1,ok,,,,,,,,,,,,,,,,,,,,,,,,,,,,,,,,,,,,
state-update-receive,11,FALSE,,,,,,,1,1,1,ok,,,,,,,,,,,,,,,,,,,,,,,,,,,,,,,,,,,,
tx-idle-req,1,TRUE,,,,,,,0,1,1,the,explanation,does,not,spot,that,owner,can,be,a,contract,without,a,function,to,call,withdraw,,,,,,,,,,,,,,,,,,,,
tx-idle-req,9,TRUE,,,,,,,0,1,1,the,explanation,does,not,spot,that,owner,can,be,a,contract,without,a,function,to,call,withdraw,,,,,,,,,,,,,,,,,,,,
tx-idle-req,11,TRUE,,,,,,,0,1,1,the,explanation,does,not,spot,that,owner,can,be,a,contract,without,a,function,to,call,withdraw,,,,,,,,,,,,,,,,,,,,
tx-idle-req-eoa,1,TRUE,,,,,,,1,1,1,the,explanation,spots,that,owner,is,an,EOA,,,,,,,,,,,,,,,,,,,,,,,,,,,,,
tx-idle-req-eoa,6,TRUE,,,,,,,1,1,1,the,explanation,spots,that,owner,is,an,EOA,,,,,,,,,,,,,,,,,,,,,,,,,,,,,
tx-idle-req-eoa,9,TRUE,,,,,,,1,1,1,the,explanation,spots,that,owner,is,an,EOA,,,,,,,,,,,,,,,,,,,,,,,,,,,,,
tx-owner-assets-transfer,9,FALSE,,,,,,,1,1,1,ok,,,,,,,,,,,,,,,,,,,,,,,,,,,,,,,,,,,,
tx-owner-assets-transfer,7,FALSE,,,,,,,1,1,1,ok,,,,,,,,,,,,,,,,,,,,,,,,,,,,,,,,,,,,
tx-owner-assets-transfer-eoa,8,FALSE,,,,,,,1,1,1,ok,,,,,,,,,,,,,,,,,,,,,,,,,,,,,,,,,,,,
tx-owner-assets-transfer-eoa,9,TRUE,,,,,,,1,1,1,ok,,,,,,,,,,,,,,,,,,,,,,,,,,,,,,,,,,,,
tx-owner-assets-transfer-eoa,1,TRUE,,,,,,,1,1,1,ok,,,,,,,,,,,,,,,,,,,,,,,,,,,,,,,,,,,,
tx-owner-assets-transfer-eoa,2,TRUE,,,,,,,1,1,1,ok,,,,,,,,,,,,,,,,,,,,,,,,,,,,,,,,,,,,
tx-owner-assets-transfer-eoa,7,FALSE,,,,,,,1,1,1,ok,,,,,,,,,,,,,,,,,,,,,,,,,,,,,,,,,,,,
tx-owner-assets-transfer-eoa,6,FALSE,,,,,,,1,1,1,ok,,,,,,,,,,,,,,,,,,,,,,,,,,,,,,,,,,,,
tx-owner-assets-transfer-eoa,11,FALSE,,,,,,,1,1,1,ok,,,,,,,,,,,,,,,,,,,,,,,,,,,,,,,,,,,,
tx-owner-assets-transfer-eoa,10,FALSE,,,,,,,1,1,1,ok,,,,,,,,,,,,,,,,,,,,,,,,,,,,,,,,,,,,
tx-req-idle,5,TRUE,,,,,,,,,,,,,,,,,,,,,,,,,,,,,,,,,,,,,,,,,,,,,,
tx-req-idle,10,FALSE,,,,,,,,,,,,,,,,,,,,,,,,,,,,,,,,,,,,,,,,,,,,,,
tx-req-idle-eoa,1,TRUE,,,,,,,1,1,1,,,,,,,,,,,,,,,,,,,,,,,,,,,,,,,,,,,,,
tx-req-idle-eoa,2,TRUE,,,,,,,1,1,1,ok,,,,,,,,,,,,,,,,,,,,,,,,,,,,,,,,,,,,
tx-tx-amount-transfer-eoa-private,1,FALSE,,,,,,,1,0,1,the,cex,does,not,use,the,assumption,that,the,adversary,does,not,know,the,recovery,address,,,,,,,,,,,,,,,,,,,,,
tx-tx-amount-transfer-eoa-private,9,TRUE,,,,,,,1,1,1,ok,,,,,,,,,,,,,,,,,,,,,,,,,,,,,,,,,,,,
tx-tx-assets-transfer,8,FALSE,,,,,,,1,1,1,"ok, even though the LLM misses a simpler cause that can lead to the violation of the property: the owner could be a contract without functions to call withdraaw and finalize.",,,,,,,,,,,,,,,,,,,,,,,,,,,,,,,,,,,,
tx-tx-assets-transfer,6,FALSE,,,,,,,1,1,1,ok,(similar,to,cex,for,v8),,,,,,,,,,,,,,,,,,,,,,,,,,,,,,,
tx-tx-assets-transfer-eoa,7,FALSE,,,,,,,1,1,1,"The property states thaat ""if `owner` is an EOA, then in state IDLE, someone can fire a sequence of transactions that transfers the entire contract balance to a chosen EOA, regardless of possible transactions fired by the adversary before or in between"". In this version, it would be possible for the owner to fire withdraw and finalize in the same block. However, since owner is an EOA, it could not have a method could atomically. So, the LLM is right.",,,,,,,,,,,,,,,,,,,,,,,,,,,,,,,,,,,,
tx-tx-assets-transfer-eoa,6,FALSE,,,,,,,1,1,1,"ok, the cex spots the attack we had in mind",,,,,,,,,,,,,,,,,,,,,,,,,,,,,,,,,,,,
tx-tx-assets-transfer-eoa-private,8,FALSE,,,,,,,1,1,1,"ok. The property states that ""if `owner` is an EOA, then in state IDLE, someone can fire a sequence of transactions that transfers the entire contract balance to a chosen EOA, regardless of possible transactions fired by the adversary before or in between"". In v8, finalize sends to the owner instead of receiver",,,,,,,,,,,,,,,,,,,,,,,,,,,,,,,,,,,,
tx-tx-assets-transfer-eoa-private,6,FALSE,,,,,,,1,1,1,ok,,,,,,,,,,,,,,,,,,,,,,,,,,,,,,,,,,,,
tx-tx-assets-transfer-eoa-private,5,FALSE,,,,,,,,,,,,,,,,,,,,,,,,,,,,,,,,,,,,,,,,,,,,,,
tx-tx-assets-transfer-eoa-private,10,FALSE,,,,,,,,,,,,,,,,,,,,,,,,,,,,,,,,,,,,,,,,,,,,,,
withdraw-finalize-not-revert,2,FALSE,,,,,,,1,1,1,ok,,,,,,,,,,,,,,,,,,,,,,,,,,,,,,,,,,,,
withdraw-finalize-not-revert,1,FALSE,,,,,,,1,1,1,ok,,,,,,,,,,,,,,,,,,,,,,,,,,,,,,,,,,,,
withdraw-finalize-not-revert-eoa,4,TRUE,,,,,,,,,,,,,,,,,,,,,,,,,,,,,,,,,,,,,,,,,,,,,,
withdraw-finalize-not-revert-eoa,9,TRUE,,,,,,,,,,,,,,,,,,,,,,,,,,,,,,,,,,,,,,,,,,,,,,
withdraw-finalize-not-revert-eoa,10,FALSE,,,,,,,,,,,,,,,,,,,,,,,,,,,,,,,,,,,,,,,,,,,,,,
withdraw-finalize-not-revert-eoa,6,FALSE,,,,,,,,,,,,,,,,,,,,,,,,,,,,,,,,,,,,,,,,,,,,,,
withdraw-finalize-revert-inter,4,TRUE,,,,,,,,,,,,,,,,,,,,,,,,,,,,,,,,,,,,,,,,,,,,,,
withdraw-finalize-revert-inter,6,TRUE,,,,,,,,,,,,,,,,,,,,,,,,,,,,,,,,,,,,,,,,,,,,,,
withdraw-finalize-revert-inter,3,FALSE,,,,,,,,,,,,,,,,,,,,,,,,,,,,,,,,,,,,,,,,,,,,,,
withdraw-finalize-revert-inter,7,FALSE,,,,,,,,,,,,,,,,,,,,,,,,,,,,,,,,,,,,,,,,,,,,,,
withdraw-not-revert,5,TRUE,,,,,,,,,,,,,,,,,,,,,,,,,,,,,,,,,,,,,,,,,,,,,,
withdraw-not-revert,9,TRUE,,,,,,,,,,,,,,,,,,,,,,,,,,,,,,,,,,,,,,,,,,,,,,
withdraw-revert,5,TRUE,,,,,,,,,,,,,,,,,,,,,,,,,,,,,,,,,,,,,,,,,,,,,,
withdraw-revert,6,FALSE,,,,,,,,,,,,,,,,,,,,,,,,,,,,,,,,,,,,,,,,,,,,,,
withdraw-withdraw-revert,2,TRUE,,,,,,,1,1,1,ok,,,,,,,,,,,,,,,,,,,,,,,,,,,,,,,,,,,,
withdraw-withdraw-revert,10,TRUE,,,,,,,1,1,1,ok,,,,,,,,,,,,,,,,,,,,,,,,,,,,,,,,,,,,
