fair-split-eq,1
fair-split-eq,2
fair-split-eq,3
fair-split-eq,4
fair-split-eq,5
fair-split-eq,6
fair-split-eq,7
fair-split-eq,8
fair-split-eq,9
fair-split-eq,10
fair-split-eq-no-overflow,1
fair-split-eq-no-overflow,2
fair-split-eq-no-overflow,3
fair-split-eq-no-overflow,5
fair-split-eq-no-overflow,6
fair-split-eq-no-overflow,7
fair-split-eq-no-overflow,10
fair-split-eq-no-overflow,4
fair-split-eq-no-overflow,8
fair-split-eq-no-overflow,9
fair-split-geq,1
fair-split-geq,2
fair-split-geq,3
fair-split-geq,4
fair-split-geq,5
fair-split-geq,6
fair-split-geq,7
fair-split-geq,8
fair-split-geq,9
fair-split-geq,10
fair-split-geq-no-overflow,1
fair-split-geq-no-overflow,2
fair-split-geq-no-overflow,3
fair-split-geq-no-overflow,5
fair-split-geq-no-overflow,6
fair-split-geq-no-overflow,7
fair-split-geq-no-overflow,10
fair-split-geq-no-overflow,4
fair-split-geq-no-overflow,8
fair-split-geq-no-overflow,9
non-zero-payees,1
non-zero-payees,2
non-zero-payees,3
non-zero-payees,4
non-zero-payees,5
non-zero-payees,6
non-zero-payees,7
non-zero-payees,8
non-zero-payees,9
non-zero-payees,10
positive-shares,1
positive-shares,2
positive-shares,3
positive-shares,4
positive-shares,5
positive-shares,6
positive-shares,7
positive-shares,8
positive-shares,10
positive-shares,9
releasable-leq-balance,1
releasable-leq-balance,2
releasable-leq-balance,3
releasable-leq-balance,4
releasable-leq-balance,5
releasable-leq-balance,6
releasable-leq-balance,7
releasable-leq-balance,8
releasable-leq-balance,9
releasable-leq-balance,10
releasable-sum-balance,1
releasable-sum-balance,2
releasable-sum-balance,3
releasable-sum-balance,4
releasable-sum-balance,5
releasable-sum-balance,6
releasable-sum-balance,7
releasable-sum-balance,8
releasable-sum-balance,9
releasable-sum-balance,10
release-balance-payee,1
release-balance-payee,2
release-balance-payee,3
release-balance-payee,5
release-balance-payee,6
release-balance-payee,7
release-balance-payee,8
release-balance-payee,9
release-balance-payee,10
release-balance-payee,4
release-not-revert,4
release-not-revert,1
release-not-revert,2
release-not-revert,3
release-not-revert,5
release-not-revert,6
release-not-revert,7
release-not-revert,8
release-not-revert,9
release-not-revert,10
release-not-revert-receive,1
release-not-revert-receive,2
release-not-revert-receive,3
release-not-revert-receive,4
release-not-revert-receive,5
release-not-revert-receive,6
release-not-revert-receive,8
release-not-revert-receive,9
release-not-revert-receive,10
release-not-revert-receive,7
release-release-revert,1
release-release-revert,2
release-release-revert,3
release-release-revert,4
release-release-revert,5
release-release-revert,6
release-release-revert,7
release-release-revert,8
release-release-revert,9
release-release-revert,10
release-release-revert-receive,1
release-release-revert-receive,2
release-release-revert-receive,3
release-release-revert-receive,4
release-release-revert-receive,5
release-release-revert-receive,6
release-release-revert-receive,7
release-release-revert-receive,10
release-release-revert-receive,8
release-release-revert-receive,9
swappable-call-order,5
swappable-call-order,1
swappable-call-order,2
swappable-call-order,3
swappable-call-order,4
swappable-call-order,6
swappable-call-order,7
swappable-call-order,8
swappable-call-order,9
swappable-call-order,10
tx-transfer-balance-receive,8
tx-transfer-balance-receive,1
tx-transfer-balance-receive,9
tx-transfer-balance-receive,2
tx-transfer-balance-receive,3
tx-transfer-balance-receive,4
tx-transfer-balance-receive,5
tx-transfer-balance-receive,6
tx-transfer-balance-receive,7
tx-transfer-balance-receive,10
tx-transfer-releasable-receive,6
tx-transfer-releasable-receive,7
tx-transfer-releasable-receive,1
tx-transfer-releasable-receive,2
tx-transfer-releasable-receive,3
tx-transfer-releasable-receive,4
tx-transfer-releasable-receive,5
tx-transfer-releasable-receive,8
tx-transfer-releasable-receive,9
tx-transfer-releasable-receive,10
